"PasswordID";"EmployeeID";"UserID";"PasswordWord"
1;5;"jbassett";"ë<«±$eÊÓïó‹"
2;6;"charper";"ë<«±$eÊÓïó‹"
3;7;"wjones";"ë<«±$eÊÓïó‹"
4;8;"egoldman";"ë<«±$eÊÓïó‹"
5;9;"mfindley";"ë<«±$eÊÓïó‹"
6;10;"jkillington";"ë<«±$eÊÓïó‹"
7;11;"ayayah";"ë<«±$eÊÓïó‹"
8;12;"dsimms";"ë<«±$eÊÓïó‹"
9;14;"srodriguez";"ë<«±$eÊÓïó‹"
10;15;"dfitzpatrick";"ë<«±$eÊÓïó‹"
11;16;"vgoldberg";"ë<«±$eÊÓïó‹"
12;17;"mgudmundson";"ë<«±$eÊÓïó‹"
13;18;"jknightly";"ë<«±$eÊÓïó‹"
14;19;"ejenkins";"ë<«±$eÊÓïó‹"
15;20;"anash";"ë<«±$eÊÓïó‹"
16;21;"blishous";"ë<«±$eÊÓïó‹"
17;22;"jryan";"ë<«±$eÊÓïó‹"
18;23;"tpatrick";"ë<«±$eÊÓïó‹"
19;24;"cscott";"ë<«±$eÊÓïó‹"
20;25;"larmstrong";"ë<«±$eÊÓïó‹"
21;26;"hwright";"ë<«±$eÊÓïó‹"
22;27;"scoell";"ë<«±$eÊÓïó‹"
23;28;"jbourne";"ë<«±$eÊÓïó‹"
24;29;"dgoldberg";"ë<«±$eÊÓïó‹"
25;30;"jseinfeld";"ë<«±$eÊÓïó‹"
26;31;"ngould";"ë<«±$eÊÓïó‹"
27;32;"hcash";"ë<«±$eÊÓïó‹"
